rank,feature,mean_abs_score
1,sigma,0.1820528084039688
2,traffic,0.15965279491309048
3,packets,0.13065963342329875
4,pkts_lambda_on,0.007042371423395934
5,eq_lambda,0.006532188085104925
6,avg_t_off,0.006377707023639232
7,ar_a,0.005824754339021941
8,exp_max_factor,0.005216609231254476
9,avg_t_on,0.0036114026846674582
10,avg_pkts_lambda,0.001759926428282294
