{
  "xai_method": "baseline",
  "k": null,
  "partition": "full",
  "train_mape_final": 3.5491929054260254,
  "train_mae_final": 0.020361628383398056,
  "val_mape_final": 6.328625202178955,
  "val_mae_final": 0.0738387480378151,
  "test_mae": 0.07257729023694992,
  "test_mape": 6.144865036010742,
  "best_val_mape": 5.5425705909729,
  "best_epoch": 37,
  "training_time_minutes": 62.05,
  "epochs_run": 40,
  "seed": 42,
  "n_features_kept": 10,
  "dropped_features": [],
  "max_train_samples": 500,
  "max_test_samples": 300,
  "test_eval_full_split": false
}